id,short,name,campus,group,type,city,province,osm_pattern,hint_lat,hint_lon,osm_ref,lat,lon
bsu,BatStateU,Batangas State University,Pablo Borbon main campus,Luzon,SUC,Batangas City,Batangas,Batangas State University,13.7565,121.0583,,,
clsu,CLSU,Central Luzon State University,Main campus,Luzon,SUC,Science City of Muñoz,Nueva Ecija,Central Luzon State University,15.7370,120.9300,,,
cmu,CMU,City of Malabon University,Main campus,Luzon,LUC,Malabon,Metro Manila,City of Malabon University,14.6630,120.9560,,,
dlsu,DLSU,De La Salle University,Taft Avenue,Luzon,Private,Manila,Metro Manila,De La Salle University,14.5646,120.9932,,,
feutech,FEU Tech,Far Eastern University – Institute of Technology,P. Paredes St,Luzon,Private,Manila (Sampaloc),Metro Manila,FEU.?.?.?(Institute of Technology|Tech)|Far Eastern University.*(Technology|Tech),14.6040,120.9868,,,
jru,JRU,José Rizal University,Shaw Boulevard,Luzon,Private,Mandaluyong,Metro Manila,Jos[eé] Rizal University,14.5810,121.0360,,,
mapua,Mapúa,Mapúa University,Intramuros main campus,Luzon,Private,Manila,Metro Manila,Map[uú]a,14.5906,120.9780,,,
plp,PLP,Pamantasan ng Lungsod ng Pasig,Main campus,Luzon,LUC,Pasig,Metro Manila,Pamantasan ng Lungsod ng Pasig,14.5610,121.0780,,,
ptc,PTC,Pateros Technological College,Main campus,Luzon,LUC,Pateros,Metro Manila,Pateros Technological College,14.5445,121.0685,,,
pup,PUP,Polytechnic University of the Philippines,Sta. Mesa main campus,Luzon,SUC,Manila,Metro Manila,Polytechnic University of the Philippines,14.5978,121.0107,,,
qcu,QCU,Quezon City University,San Bartolome main campus,Luzon,LUC,Quezon City,Metro Manila,Quezon City University,14.7005,121.0335,,,
sti,STI Global City,STI College Global City,Global City,Luzon,Private,Taguig,Metro Manila,STI.*Global City,14.5500,121.0500,,,
udm,UdM,Universidad de Manila,Main campus,Luzon,LUC,Manila,Metro Manila,Universidad de Manila,14.5905,120.9815,,,
umak,UMak,University of Makati,West Rembo,Luzon,LUC,Taguig,Metro Manila,University of Makati,14.5630,121.0560,,,
ust,UST,University of Santo Tomas,España,Luzon,Private,Manila (Sampaloc),Metro Manila,University of Santo Tomas,14.6096,120.9894,,,
upd,UP Diliman,University of the Philippines Diliman,Diliman,Luzon,SUC,Quezon City,Metro Manila,University of the Philippines.?.?.?Diliman|UP Diliman,14.6537,121.0685,,,
uplb,UPLB,University of the Philippines Los Baños,Los Baños,Luzon,SUC,Los Baños,Laguna,University of the Philippines.?.?.?Los Ba[nñ]os|UPLB,14.1650,121.2430,,,
ctu,CTU,Cebu Technological University,Main campus (M.J. Cuenco Ave),Visayas,SUC,Cebu City,Cebu,Cebu Technological University,10.2970,123.9060,,,
usc,USC,University of San Carlos,Talamban campus,Visayas,Private,Cebu City,Cebu,University of San Carlos,10.3530,123.9130,,,
llcc,LLCC,Lapu-Lapu City College,Main campus,Visayas,LUC,Lapu-Lapu City,Cebu,Lapu-?Lapu City College,10.3100,123.9500,,,
mcc,MCC,Mandaue City College,Main campus,Visayas,LUC,Mandaue City,Cebu,Mandaue City College,10.3300,123.9400,,,
upc,UP Cebu,University of the Philippines Cebu,Lahug,Visayas,SUC,Cebu City,Cebu,University of the Philippines.?.?.?Cebu|UP Cebu,10.3225,123.8990,,,
msuiit,MSU-IIT,Mindanao State University – Iligan Institute of Technology,Iligan,Mindanao,SUC,Iligan City,Lanao del Norte,Iligan Institute of Technology|MSU.?IIT,8.2410,124.2440,,,
ustp,USTP,University of Science and Technology of Southern Philippines,Cagayan de Oro main campus,Mindanao,SUC,Cagayan de Oro,Misamis Oriental,University of Science and Technology of Southern Philippines|USTP,8.4855,124.6560,,,
xu,XU,Xavier University – Ateneo de Cagayan,Corrales Avenue,Mindanao,Private,Cagayan de Oro,Misamis Oriental,Xavier University,8.4770,124.6450,,,
