place_id,name,url,file
tv:s:BW-H01,195 Maginhawa Street,https://gregor-posadas.github.io/bahawatch/#p.tv.s.BW-H01,qr/tv/s-BW-H01.png
tv:s:BW-H02,126 Maginhawa Street,https://gregor-posadas.github.io/bahawatch/#p.tv.s.BW-H02,qr/tv/s-BW-H02.png
tv:s:BW-H03,22 Malingap Street,https://gregor-posadas.github.io/bahawatch/#p.tv.s.BW-H03,qr/tv/s-BW-H03.png
tv:s:BW-H04,83 Matahimik Street,https://gregor-posadas.github.io/bahawatch/#p.tv.s.BW-H04,qr/tv/s-BW-H04.png
tv:s:BW-H05,24 Mahusay Street,https://gregor-posadas.github.io/bahawatch/#p.tv.s.BW-H05,qr/tv/s-BW-H05.png
tv:s:BW-H06,50 Matimtiman Street,https://gregor-posadas.github.io/bahawatch/#p.tv.s.BW-H06,qr/tv/s-BW-H06.png
tv:s:BW-H07,43 Mayaman Street,https://gregor-posadas.github.io/bahawatch/#p.tv.s.BW-H07,qr/tv/s-BW-H07.png
tv:s:BW-H08,96 V. Luna Road,https://gregor-posadas.github.io/bahawatch/#p.tv.s.BW-H08,qr/tv/s-BW-H08.png
tv:b:PH1307404002,Amihan,https://gregor-posadas.github.io/bahawatch/#p.tv.b.PH1307404002,qr/tv/b-PH1307404002.png
tv:b:PH1307404017,Botocan,https://gregor-posadas.github.io/bahawatch/#p.tv.b.PH1307404017,qr/tv/b-PH1307404017.png
tv:b:PH1307404020,Central,https://gregor-posadas.github.io/bahawatch/#p.tv.b.PH1307404020,qr/tv/b-PH1307404020.png
tv:b:PH1307404021,Claro,https://gregor-posadas.github.io/bahawatch/#p.tv.b.PH1307404021,qr/tv/b-PH1307404021.png
tv:b:PH1307404034,Duyan-duyan,https://gregor-posadas.github.io/bahawatch/#p.tv.b.PH1307404034,qr/tv/b-PH1307404034.png
tv:b:PH1307404036,East Kamias,https://gregor-posadas.github.io/bahawatch/#p.tv.b.PH1307404036,qr/tv/b-PH1307404036.png
tv:b:PH1307404051,Krus Na Ligas,https://gregor-posadas.github.io/bahawatch/#p.tv.b.PH1307404051,qr/tv/b-PH1307404051.png
tv:b:PH1307404055,Loyola Heights,https://gregor-posadas.github.io/bahawatch/#p.tv.b.PH1307404055,qr/tv/b-PH1307404055.png
tv:b:PH1307404057,Malaya,https://gregor-posadas.github.io/bahawatch/#p.tv.b.PH1307404057,qr/tv/b-PH1307404057.png
tv:b:PH1307404072,Old Capitol Site,https://gregor-posadas.github.io/bahawatch/#p.tv.b.PH1307404072,qr/tv/b-PH1307404072.png
tv:b:PH1307404082,Pinyahan,https://gregor-posadas.github.io/bahawatch/#p.tv.b.PH1307404082,qr/tv/b-PH1307404082.png
tv:b:PH1307404085,Quirino 2-A,https://gregor-posadas.github.io/bahawatch/#p.tv.b.PH1307404085,qr/tv/b-PH1307404085.png
tv:b:PH1307404086,Quirino 2-B,https://gregor-posadas.github.io/bahawatch/#p.tv.b.PH1307404086,qr/tv/b-PH1307404086.png
tv:b:PH1307404087,Quirino 2-C,https://gregor-posadas.github.io/bahawatch/#p.tv.b.PH1307404087,qr/tv/b-PH1307404087.png
tv:b:PH1307404103,San Vicente,https://gregor-posadas.github.io/bahawatch/#p.tv.b.PH1307404103,qr/tv/b-PH1307404103.png
tv:b:PH1307404113,Sikatuna Village,https://gregor-posadas.github.io/bahawatch/#p.tv.b.PH1307404113,qr/tv/b-PH1307404113.png
tv:b:PH1307404122,Teachers Village East,https://gregor-posadas.github.io/bahawatch/#p.tv.b.PH1307404122,qr/tv/b-PH1307404122.png
tv:b:PH1307404123,Teachers Village West,https://gregor-posadas.github.io/bahawatch/#p.tv.b.PH1307404123,qr/tv/b-PH1307404123.png
tv:b:PH1307404124,U.P. Campus,https://gregor-posadas.github.io/bahawatch/#p.tv.b.PH1307404124,qr/tv/b-PH1307404124.png
tv:b:PH1307404125,U.P. Village,https://gregor-posadas.github.io/bahawatch/#p.tv.b.PH1307404125,qr/tv/b-PH1307404125.png
tv:b:PH1307404132,West Kamias,https://gregor-posadas.github.io/bahawatch/#p.tv.b.PH1307404132,qr/tv/b-PH1307404132.png
diliman:s:BW-D01,San Vicente Sentrong Sigla,https://gregor-posadas.github.io/bahawatch/#p.diliman.s.BW-D01,qr/diliman/s-BW-D01.png
diliman:s:BW-D02,UP Checkpoint- Carabao Horn R,https://gregor-posadas.github.io/bahawatch/#p.diliman.s.BW-D02,qr/diliman/s-BW-D02.png
diliman:s:BW-D03,NEU Dorm 4 (Megadorm),https://gregor-posadas.github.io/bahawatch/#p.diliman.s.BW-D03,qr/diliman/s-BW-D03.png
diliman:s:BW-D04,UP Integrated School K-2,https://gregor-posadas.github.io/bahawatch/#p.diliman.s.BW-D04,qr/diliman/s-BW-D04.png
diliman:s:BW-D05,Orosa Hall,https://gregor-posadas.github.io/bahawatch/#p.diliman.s.BW-D05,qr/diliman/s-BW-D05.png
diliman:s:BW-D06,BPI,https://gregor-posadas.github.io/bahawatch/#p.diliman.s.BW-D06,qr/diliman/s-BW-D06.png
diliman:s:BW-D07,Parroquia dela Nuestra Señora dela Paz y Buen Viaje de Balara,https://gregor-posadas.github.io/bahawatch/#p.diliman.s.BW-D07,qr/diliman/s-BW-D07.png
diliman:s:BW-D08,Philippine Red Cross,https://gregor-posadas.github.io/bahawatch/#p.diliman.s.BW-D08,qr/diliman/s-BW-D08.png
diliman:b:PH1307404023,New Era (Constitution Hills),https://gregor-posadas.github.io/bahawatch/#p.diliman.b.PH1307404023,qr/diliman/b-PH1307404023.png
diliman:b:PH1307404077,Pansol,https://gregor-posadas.github.io/bahawatch/#p.diliman.b.PH1307404077,qr/diliman/b-PH1307404077.png
diliman:b:PH1307404122,Teachers Village East,https://gregor-posadas.github.io/bahawatch/#p.diliman.b.PH1307404122,qr/diliman/b-PH1307404122.png
diliman:b:PH1307404124,U.P. Campus,https://gregor-posadas.github.io/bahawatch/#p.diliman.b.PH1307404124,qr/diliman/b-PH1307404124.png
diliman:b:PH1307404125,U.P. Village,https://gregor-posadas.github.io/bahawatch/#p.diliman.b.PH1307404125,qr/diliman/b-PH1307404125.png
berkeley:s:BW-B00,Strawberry Creek demo unit,https://gregor-posadas.github.io/bahawatch/#p.berkeley.s.BW-B00,qr/berkeley/s-BW-B00.png
berkeley:s:BW-B01,Oxford Hall,https://gregor-posadas.github.io/bahawatch/#p.berkeley.s.BW-B01,qr/berkeley/s-BW-B01.png
berkeley:s:BW-B02,Creekside Center,https://gregor-posadas.github.io/bahawatch/#p.berkeley.s.BW-B02,qr/berkeley/s-BW-B02.png
berkeley:s:BW-B03,César E. Chavez Student Center,https://gregor-posadas.github.io/bahawatch/#p.berkeley.s.BW-B03,qr/berkeley/s-BW-B03.png
berkeley:s:BW-B04,Anthony Hall,https://gregor-posadas.github.io/bahawatch/#p.berkeley.s.BW-B04,qr/berkeley/s-BW-B04.png
berkeley:s:BW-B05,Faculty Club,https://gregor-posadas.github.io/bahawatch/#p.berkeley.s.BW-B05,qr/berkeley/s-BW-B05.png
berkeley:s:BW-B06,Women's Faculty Club,https://gregor-posadas.github.io/bahawatch/#p.berkeley.s.BW-B06,qr/berkeley/s-BW-B06.png
berkeley:s:BW-B07,Chou Hall (North Academic Building),https://gregor-posadas.github.io/bahawatch/#p.berkeley.s.BW-B07,qr/berkeley/s-BW-B07.png
berkeley:s:BW-B08,Stebbins Hall,https://gregor-posadas.github.io/bahawatch/#p.berkeley.s.BW-B08,qr/berkeley/s-BW-B08.png
